business_id,name,address,city,state,postal_code,latitude,longitude,stars,review_count,is_open,optional,categories,hours
MTSW4McQd7CbVtyjqoe9mw,St Honore Pastries,935 Race St,Philadelphia,PA,19107,39.9555052,-75.1555641,4.0,80,1,"{'RestaurantsDelivery': 'False', 'OutdoorSeating': 'False', 'BusinessAcceptsCreditCards': 'False', 'BusinessParking': ""{'garage': False, 'street': True, 'validated': False, 'lot': False, 'valet': False}"", 'BikeParking': 'True', 'RestaurantsPriceRange2': '1', 'RestaurantsTakeOut': 'True', 'ByAppointmentOnly': 'False', 'WiFi': ""u'free'"", 'Alcohol': ""u'none'"", 'Caters': 'True'}","Restaurants, Food, Bubble Tea, Coffee & Tea, Bakeries","{'Monday': '7:0-20:0', 'Tuesday': '7:0-20:0', 'Wednesday': '7:0-20:0', 'Thursday': '7:0-20:0', 'Friday': '7:0-21:0', 'Saturday': '7:0-21:0', 'Sunday': '7:0-21:0'}"
CF33F8-E6oudUQ46HnavjQ,Sonic Drive-In,615 S Main St,Ashland City,TN,37015,36.269593,-87.058943,2.0,6,1,"{'BusinessParking': 'None', 'BusinessAcceptsCreditCards': 'True', 'RestaurantsAttire': ""u'casual'"", 'OutdoorSeating': 'True', 'RestaurantsReservations': 'False', 'Caters': 'False', 'RestaurantsTakeOut': 'True', 'Alcohol': ""u'none'"", 'Ambience': 'None', 'GoodForKids': 'True', 'RestaurantsPriceRange2': '1', 'ByAppointmentOnly': 'False', 'CoatCheck': 'False', 'DogsAllowed': 'False', 'RestaurantsTableService': 'False', 'RestaurantsGoodForGroups': 'True', 'RestaurantsDelivery': 'True', 'WiFi': ""u'no'"", 'WheelchairAccessible': 'True', 'HasTV': 'True', 'HappyHour': 'False', 'DriveThru': 'True', 'BikeParking': 'False'}","Burgers, Fast Food, Sandwiches, Food, Ice Cream & Frozen Yogurt, Restaurants","{'Monday': '0:0-0:0', 'Tuesday': '6:0-22:0', 'Wednesday': '6:0-22:0', 'Thursday': '6:0-22:0', 'Friday': '9:0-0:0', 'Saturday': '9:0-22:0', 'Sunday': '8:0-22:0'}"
k0hlBqXX-Bt0vf1op7Jr1w,Tsevi's Pub And Grill,8025 Mackenzie Rd,Affton,MO,63123,38.5651648,-90.3210868,3.0,19,0,"{'Caters': 'True', 'Alcohol': ""u'full_bar'"", 'RestaurantsAttire': ""u'casual'"", 'RestaurantsDelivery': 'False', 'RestaurantsTakeOut': 'True', 'HasTV': 'True', 'NoiseLevel': ""u'average'"", 'BusinessAcceptsCreditCards': 'True', 'OutdoorSeating': 'True', 'BusinessParking': ""{'garage': False, 'street': False, 'validated': False, 'lot': True, 'valet': False}"", 'Ambience': ""{'romantic': False, 'intimate': False, 'touristy': False, 'hipster': False, 'divey': False, 'classy': False, 'trendy': False, 'upscale': False, 'casual': False}"", 'RestaurantsPriceRange2': '1', 'GoodForKids': 'True', 'WiFi': ""u'free'"", 'RestaurantsReservations': 'False', 'RestaurantsGoodForGroups': 'True'}","Pubs, Restaurants, Italian, Bars, American (Traditional), Nightlife, Greek",
bBDDEgkFA1Otx9Lfe7BZUQ,Sonic Drive-In,2312 Dickerson Pike,Nashville,TN,37207,36.2081024,-86.7681696,1.5,10,1,"{'RestaurantsAttire': ""'casual'"", 'RestaurantsGoodForGroups': 'False', 'BusinessAcceptsCreditCards': 'True', 'OutdoorSeating': 'True', 'GoodForKids': 'True', 'Alcohol': ""u'none'"", 'BusinessParking': ""{'garage': False, 'street': False, 'validated': False, 'lot': False, 'valet': False}"", 'DogsAllowed': 'False', 'RestaurantsTableService': 'False', 'ByAppointmentOnly': 'False', 'WiFi': ""u'no'"", 'RestaurantsPriceRange2': '1', 'RestaurantsReservations': 'False', 'HasTV': 'True', 'RestaurantsDelivery': 'True', 'CoatCheck': 'False', 'Caters': 'False', 'RestaurantsTakeOut': 'True', 'DriveThru': 'True', 'HappyHour': 'False', 'WheelchairAccessible': 'True'}","Ice Cream & Frozen Yogurt, Fast Food, Burgers, Restaurants, Food","{'Monday': '0:0-0:0', 'Tuesday': '6:0-21:0', 'Wednesday': '6:0-21:0', 'Thursday': '6:0-16:0', 'Friday': '6:0-16:0', 'Saturday': '6:0-17:0', 'Sunday': '6:0-21:0'}"
eEOYSgkmpB90uNA7lDOMRA,Vietnamese Food Truck,,Tampa Bay,FL,33602,27.9552692,-82.4563199,4.0,10,1,"{'Alcohol': ""'none'"", 'OutdoorSeating': 'None', 'RestaurantsReservations': 'False', 'Ambience': ""{'touristy': False, 'hipster': False, 'romantic': False, 'divey': False, 'intimate': False, 'trendy': False, 'upscale': False, 'classy': False, 'casual': False}"", 'GoodForMeal': ""{'dessert': False, 'latenight': False, 'lunch': False, 'dinner': False, 'brunch': False, 'breakfast': False}"", 'BusinessParking': ""{'garage': False, 'street': False, 'validated': False, 'lot': False, 'valet': False}""}","Vietnamese, Food, Restaurants, Food Trucks","{'Monday': '11:0-14:0', 'Tuesday': '11:0-14:0', 'Wednesday': '11:0-14:0', 'Thursday': '11:0-14:0', 'Friday': '11:0-14:0', 'Saturday': '5:0-10:0', 'Sunday': '15:0-18:0'}"
il_Ro8jwPlHresjw9EGmBg,Denny's,8901 US 31 S,Indianapolis,IN,46227,39.6371332838,-86.127217412,2.5,28,1,"{'RestaurantsReservations': 'False', 'RestaurantsTakeOut': 'True', 'RestaurantsAttire': ""'casual'"", 'GoodForKids': 'True', 'BikeParking': 'False', 'RestaurantsPriceRange2': '1', 'BusinessAcceptsCreditCards': 'True', 'GoodForMeal': ""{'dessert': False, 'latenight': False, 'lunch': False, 'dinner': False, 'brunch': False, 'breakfast': False}"", 'RestaurantsGoodForGroups': 'True', 'OutdoorSeating': 'False', 'WiFi': ""u'no'"", 'Alcohol': ""'none'"", 'RestaurantsDelivery': 'True', 'BusinessParking': ""{'garage': None, 'street': False, 'validated': None, 'lot': True, 'valet': False}"", 'HasTV': 'True', 'Ambience': ""{'touristy': None, 'hipster': None, 'romantic': False, 'divey': None, 'intimate': None, 'trendy': None, 'upscale': None, 'classy': None, 'casual': True}""}","American (Traditional), Restaurants, Diners, Breakfast & Brunch","{'Monday': '6:0-22:0', 'Tuesday': '6:0-22:0', 'Wednesday': '6:0-22:0', 'Thursday': '6:0-22:0', 'Friday': '6:0-22:0', 'Saturday': '6:0-22:0', 'Sunday': '6:0-22:0'}"
0bPLkL0QhhPO5kt1_EXmNQ,Zio's Italian Market,2575 E Bay Dr,Largo,FL,33771,27.9161159,-82.7604608,4.5,100,0,"{'OutdoorSeating': 'False', 'RestaurantsGoodForGroups': 'False', 'WiFi': ""u'no'"", 'RestaurantsPriceRange2': '1', 'RestaurantsDelivery': 'True', 'RestaurantsAttire': ""u'casual'"", 'BusinessAcceptsCreditCards': 'True', 'RestaurantsTakeOut': 'True', 'Caters': 'True', 'NoiseLevel': ""u'average'"", 'Ambience': ""{'romantic': False, 'intimate': False, 'touristy': False, 'hipster': False, 'divey': False, 'classy': False, 'trendy': False, 'upscale': False, 'casual': True}"", 'GoodForKids': 'True', 'BusinessAcceptsBitcoin': 'False', 'BusinessParking': ""{'garage': False, 'street': False, 'validated': False, 'lot': True, 'valet': False}"", 'BikeParking': 'True', 'RestaurantsTableService': 'False', 'Alcohol': ""u'none'"", 'RestaurantsReservations': 'False', 'GoodForMeal': ""{'dessert': False, 'latenight': False, 'lunch': True, 'dinner': False, 'brunch': False, 'breakfast': False}"", 'HasTV': 'True', 'WheelchairAccessible': 'True'}","Food, Delis, Italian, Bakeries, Restaurants","{'Monday': '10:0-18:0', 'Tuesday': '10:0-20:0', 'Wednesday': '10:0-20:0', 'Thursday': '10:0-20:0', 'Friday': '10:0-20:0', 'Saturday': '10:0-20:0'}"
MUTTqe8uqyMdBl186RmNeA,Tuna Bar,205 Race St,Philadelphia,PA,19106,39.953949,-75.1432262,4.0,245,1,"{'RestaurantsReservations': 'True', 'RestaurantsGoodForGroups': 'True', 'RestaurantsAttire': ""'casual'"", 'BusinessAcceptsCreditCards': 'True', 'WiFi': ""'free'"", 'HasTV': 'False', 'RestaurantsTakeOut': 'True', 'Ambience': ""{'touristy': False, 'hipster': False, 'romantic': False, 'divey': False, 'intimate': False, 'trendy': False, 'upscale': False, 'classy': True, 'casual': False}"", 'GoodForKids': 'False', 'GoodForMeal': ""{'dessert': True, 'latenight': None, 'lunch': None, 'dinner': True, 'brunch': None, 'breakfast': None}"", 'NoiseLevel': ""u'average'"", 'RestaurantsPriceRange2': '2', 'Alcohol': ""'full_bar'"", 'DogsAllowed': 'False', 'HappyHour': 'True', 'RestaurantsDelivery': 'True', 'WheelchairAccessible': 'True', 'OutdoorSeating': 'True', 'RestaurantsTableService': 'True', 'BusinessParking': ""{u'valet': False, u'garage': None, u'street': True, u'lot': False, u'validated': None}""}","Sushi Bars, Restaurants, Japanese","{'Tuesday': '13:30-22:0', 'Wednesday': '13:30-22:0', 'Thursday': '13:30-22:0', 'Friday': '13:30-23:0', 'Saturday': '13:30-23:0', 'Sunday': '13:30-22:0'}"
ROeacJQwBeh05Rqg7F6TCg,BAP,1224 South St,Philadelphia,PA,19147,39.943223,-75.162568,4.5,205,1,"{'NoiseLevel': ""u'quiet'"", 'GoodForMeal': ""{'dessert': False, 'latenight': False, 'lunch': True, 'dinner': True, 'brunch': False, 'breakfast': False}"", 'RestaurantsGoodForGroups': 'False', 'RestaurantsTableService': 'True', 'WiFi': ""u'no'"", 'GoodForKids': 'True', 'Alcohol': ""u'none'"", 'RestaurantsPriceRange2': '1', 'RestaurantsAttire': ""u'casual'"", 'BikeParking': 'True', 'BusinessParking': ""{'garage': False, 'street': True, 'validated': False, 'lot': False, 'valet': False}"", 'Caters': 'True', 'RestaurantsReservations': 'False', 'HasTV': 'True', 'BusinessAcceptsCreditCards': 'True', 'OutdoorSeating': 'None', 'Ambience': ""{'touristy': False, 'hipster': False, 'romantic': False, 'divey': False, 'intimate': None, 'trendy': False, 'upscale': False, 'classy': False, 'casual': True}"", 'RestaurantsDelivery': 'None', 'RestaurantsTakeOut': 'True'}","Korean, Restaurants","{'Monday': '11:30-20:30', 'Tuesday': '11:30-20:30', 'Wednesday': '11:30-20:30', 'Thursday': '11:30-20:30', 'Friday': '11:30-20:30', 'Saturday': '11:30-20:30'}"
WKMJwqnfZKsAae75RMP6jA,Roast Coffeehouse and Wine Bar,10359 104 Street NW,Edmonton,AB,T5J 1B9,53.5460453,-113.4991693,4.0,40,0,"{'OutdoorSeating': 'False', 'Caters': 'True', 'RestaurantsDelivery': 'False', 'RestaurantsGoodForGroups': 'True', 'RestaurantsPriceRange2': '2', 'RestaurantsReservations': 'False', 'BusinessParking': ""{'garage': False, 'street': True, 'validated': False, 'lot': True, 'valet': False}"", 'HasTV': 'False', 'GoodForKids': 'False', 'RestaurantsTakeOut': 'True', 'WiFi': ""u'free'"", 'NoiseLevel': ""u'average'"", 'RestaurantsAttire': ""u'casual'"", 'Alcohol': ""u'beer_and_wine'"", 'Ambience': ""{'romantic': False, 'intimate': False, 'classy': False, 'hipster': True, 'touristy': False, 'trendy': True, 'upscale': False, 'casual': False}""}","Coffee & Tea, Food, Cafes, Bars, Wine Bars, Restaurants, Nightlife","{'Monday': '8:0-18:0', 'Tuesday': '8:0-18:0', 'Wednesday': '8:0-18:0', 'Thursday': '8:0-18:0', 'Friday': '8:0-18:0', 'Saturday': '8:0-18:0', 'Sunday': '10:0-17:0'}"
kfNv-JZpuN6TVNSO6hHdkw,Hibachi Express,6625 E 82nd St,Indianapolis,IN,46250,39.9043203184,-86.0530799,4.0,20,1,"{'RestaurantsDelivery': 'True', 'RestaurantsTakeOut': 'True', 'RestaurantsPriceRange2': '2'}","Steakhouses, Asian Fusion, Restaurants","{'Monday': '11:0-21:0', 'Tuesday': '11:0-21:0', 'Wednesday': '11:0-21:0', 'Thursday': '11:0-21:0', 'Friday': '11:0-21:0', 'Saturday': '11:0-21:0'}"
9OG5YkX1g2GReZM0AskizA,Romano's Macaroni Grill,5505 S Virginia St,Reno,NV,89502,39.4761165,-119.7893392,2.5,339,1,"{'RestaurantsGoodForGroups': 'True', 'RestaurantsTakeOut': 'True', 'RestaurantsAttire': ""'casual'"", 'NoiseLevel': ""u'average'"", 'OutdoorSeating': 'True', 'BikeParking': 'True', 'BusinessParking': ""{'garage': False, 'street': False, 'validated': False, 'lot': True, 'valet': False}"", 'RestaurantsPriceRange2': '2', 'Caters': 'True', 'GoodForKids': 'True', 'RestaurantsReservations': 'True', 'BusinessAcceptsCreditCards': 'True', 'Alcohol': ""'full_bar'"", 'GoodForMeal': ""{'dessert': None, 'latenight': False, 'lunch': True, 'dinner': True, 'brunch': None, 'breakfast': False}"", 'RestaurantsTableService': 'True', 'HappyHour': 'True', 'WiFi': ""u'free'"", 'DogsAllowed': 'False', 'Ambience': ""{u'divey': False, u'hipster': False, u'casual': True, u'touristy': False, u'trendy': False, u'intimate': False, u'romantic': None, u'classy': None, u'upscale': False}"", 'RestaurantsDelivery': 'True', 'HasTV': 'True'}","Restaurants, Italian","{'Monday': '11:0-22:0', 'Tuesday': '11:0-22:0', 'Wednesday': '10:0-22:0', 'Thursday': '11:0-20:0', 'Friday': '11:0-21:0', 'Saturday': '12:0-21:0', 'Sunday': '11:0-21:0'}"
4iRzR7OaS-QaSXuvYxEGKA,Super Dog,1160 Gallatin Pike S,Nashville,TN,37115,36.2485696,-86.7199857,4.0,6,0,"{'RestaurantsReservations': 'False', 'RestaurantsDelivery': 'False', 'RestaurantsAttire': ""u'casual'"", 'BusinessAcceptsCreditCards': 'False', 'Alcohol': ""u'beer_and_wine'"", 'OutdoorSeating': 'False', 'RestaurantsGoodForGroups': 'True', 'NoiseLevel': ""u'average'"", 'Ambience': ""{'romantic': False, 'intimate': False, 'touristy': False, 'hipster': False, 'divey': False, 'classy': False, 'trendy': False, 'upscale': False, 'casual': False}"", 'RestaurantsPriceRange2': '1', 'BusinessParking': ""{'garage': False, 'street': False, 'validated': False, 'lot': True, 'valet': False}"", 'HasTV': 'True', 'RestaurantsTakeOut': 'True', 'WiFi': ""u'no'"", 'GoodForKids': 'True', 'Caters': 'False'}","Hot Dogs, Restaurants",
tMkwHmWFUEXrC9ZduonpTg,The Green Pheasant,215 1st Ave S,Nashville,TN,37201,36.1598858,-86.7731974,4.0,161,0,"{'RestaurantsGoodForGroups': 'True', 'HappyHour': 'True', 'GoodForMeal': ""{'dessert': None, 'latenight': None, 'lunch': None, 'dinner': True, 'brunch': None, 'breakfast': None}"", 'DogsAllowed': 'False', 'RestaurantsAttire': ""u'casual'"", 'BikeParking': 'False', 'BusinessAcceptsCreditCards': 'True', 'BusinessAcceptsBitcoin': 'False', 'RestaurantsTakeOut': 'None', 'Ambience': ""{'touristy': False, 'hipster': False, 'romantic': False, 'divey': False, 'intimate': False, 'trendy': False, 'upscale': False, 'classy': True, 'casual': False}"", 'HasTV': 'False', 'BusinessParking': ""{'garage': True, 'street': False, 'validated': True, 'lot': False, 'valet': True}"", 'GoodForKids': 'False', 'RestaurantsReservations': 'True', 'RestaurantsTableService': 'True', 'RestaurantsDelivery': 'None', 'Caters': 'True', 'OutdoorSeating': 'False', 'WiFi': ""u'free'"", 'Alcohol': ""u'full_bar'"", 'WheelchairAccessible': 'True', 'NoiseLevel': ""u'average'""}","Restaurants, Japanese, Seafood","{'Wednesday': '16:0-22:0', 'Thursday': '16:0-22:0', 'Friday': '16:0-23:0', 'Saturday': '16:0-23:0'}"
QdN72BWoyFypdGJhhI5r7g,Bar One,767 S 9th St,Philadelphia,PA,19147,39.9398245705,-75.1574465632,4.0,65,0,"{'Smoking': ""u'no'"", 'NoiseLevel': ""u'average'"", 'Caters': 'False', 'WiFi': ""u'free'"", 'RestaurantsGoodForGroups': 'True', 'Music': ""{'dj': False, 'background_music': False, 'no_music': False, 'jukebox': False, 'live': False, 'video': False, 'karaoke': False}"", 'OutdoorSeating': 'False', 'RestaurantsTableService': 'True', 'RestaurantsAttire': ""'casual'"", 'Ambience': ""{'touristy': False, 'hipster': True, 'romantic': None, 'divey': False, 'intimate': False, 'trendy': None, 'upscale': False, 'classy': None, 'casual': True}"", 'RestaurantsReservations': 'False', 'RestaurantsTakeOut': 'True', 'GoodForDancing': 'False', 'RestaurantsPriceRange2': '2', 'GoodForMeal': ""{'dessert': False, 'latenight': False, 'lunch': False, 'dinner': False, 'brunch': True, 'breakfast': False}"", 'GoodForKids': 'False', 'HappyHour': 'True', 'RestaurantsDelivery': 'True', 'BusinessParking': ""{'garage': None, 'street': True, 'validated': None, 'lot': False, 'valet': False}"", 'BikeParking': 'True', 'BusinessAcceptsCreditCards': 'True', 'HasTV': 'True', 'Alcohol': ""u'full_bar'""}","Cocktail Bars, Bars, Italian, Nightlife, Restaurants","{'Monday': '16:0-0:0', 'Tuesday': '16:0-0:0', 'Wednesday': '16:0-0:0', 'Thursday': '12:0-0:0', 'Friday': '12:0-2:0', 'Saturday': '11:0-2:0', 'Sunday': '11:0-0:0'}"
sqSqqLy0sN8n2IZrAbzidQ,Domino's Pizza,3001 Highway 31 W,White House,TN,37188,36.4647467622,-86.6591868908,3.5,8,1,{'RestaurantsPriceRange2': '1'},"Pizza, Chicken Wings, Sandwiches, Restaurants","{'Monday': '10:0-0:0', 'Tuesday': '10:0-0:0', 'Wednesday': '10:0-0:0', 'Thursday': '10:0-0:0', 'Friday': '10:0-1:0', 'Saturday': '10:0-1:0', 'Sunday': '10:0-0:0'}"
Mjboz24M9NlBeiOJKLEd_Q,DeSandro on Main,4105 Main St,Philadelphia,PA,19127,40.0224662,-75.218314,3.0,41,0,"{'RestaurantsReservations': 'False', 'Caters': 'False', 'RestaurantsTakeOut': 'True', 'RestaurantsDelivery': 'True', 'RestaurantsPriceRange2': '1', 'RestaurantsGoodForGroups': 'True', 'Ambience': ""{'romantic': False, 'intimate': False, 'classy': False, 'hipster': False, 'divey': False, 'touristy': False, 'trendy': False, 'upscale': False, 'casual': False}"", 'GoodForKids': 'True', 'BusinessParking': ""{'garage': False, 'street': False, 'validated': False, 'lot': False, 'valet': False}"", 'Alcohol': ""u'none'"", 'BusinessAcceptsCreditCards': 'True', 'OutdoorSeating': 'True', 'BikeParking': 'True', 'RestaurantsAttire': ""u'casual'"", 'GoodForMeal': ""{'dessert': False, 'latenight': True, 'lunch': False, 'dinner': False, 'brunch': False, 'breakfast': False}"", 'RestaurantsTableService': 'True', 'HasTV': 'True', 'WiFi': ""'no'"", 'NoiseLevel': ""'average'""}","Pizza, Restaurants, Salad, Soup","{'Tuesday': '17:0-21:30', 'Wednesday': '17:0-1:30', 'Thursday': '17:0-1:30', 'Friday': '17:0-0:30', 'Saturday': '17:0-0:30', 'Sunday': '17:0-21:30'}"
kV_Q1oqis8Qli8dUoGpTyQ,Ardmore Pizza,10 Rittenhouse Pl,Ardmore,PA,19003,40.0067071,-75.289671,3.5,109,1,"{'RestaurantsGoodForGroups': 'True', 'WiFi': ""u'no'"", 'Alcohol': ""u'none'"", 'GoodForKids': 'True', 'OutdoorSeating': 'False', 'HasTV': 'True', 'RestaurantsPriceRange2': '1', 'RestaurantsAttire': ""u'casual'"", 'RestaurantsTakeOut': 'True', 'RestaurantsReservations': 'False', 'BusinessAcceptsCreditCards': 'True', 'RestaurantsDelivery': 'True', 'GoodForMeal': ""{'dessert': False, 'latenight': True, 'lunch': False, 'dinner': True, 'brunch': False, 'breakfast': False}"", 'NoiseLevel': ""u'average'"", 'BikeParking': 'True', 'BusinessParking': ""{'garage': False, 'street': True, 'validated': False, 'lot': True, 'valet': False}"", 'Ambience': ""{'romantic': False, 'intimate': False, 'classy': False, 'hipster': False, 'divey': False, 'touristy': False, 'trendy': False, 'upscale': False, 'casual': True}"", 'Caters': 'True'}","Pizza, Restaurants","{'Monday': '11:0-0:0', 'Tuesday': '11:0-0:0', 'Wednesday': '11:0-0:0', 'Thursday': '11:0-0:0', 'Friday': '11:0-1:0', 'Saturday': '11:0-1:0', 'Sunday': '11:0-0:0'}"
aPNXGTDkf-4bjhyMBQxqpQ,Craft Hall,901 N Delaware Ave,Philadelphia,PA,19123,39.9625821,-75.1356571,3.5,65,1,"{'OutdoorSeating': 'True', 'RestaurantsPriceRange2': '2', 'BusinessAcceptsCreditCards': 'True', 'DogsAllowed': 'True', 'Ambience': ""{'touristy': False, 'hipster': False, 'romantic': False, 'divey': False, 'intimate': False, 'trendy': False, 'upscale': False, 'classy': True, 'casual': False}"", 'HappyHour': 'True', 'GoodForMeal': ""{'dessert': False, 'latenight': False, 'lunch': False, 'dinner': False, 'brunch': False, 'breakfast': False}"", 'RestaurantsDelivery': 'True', 'HasTV': 'True', 'BusinessParking': ""{'garage': False, 'street': False, 'validated': False, 'lot': True, 'valet': False}"", 'RestaurantsTakeOut': 'True', 'GoodForKids': 'True'}","Eatertainment, Arts & Entertainment, Brewpubs, American (Traditional), Bakeries, Breweries, Food, Restaurants","{'Monday': '0:0-0:0', 'Wednesday': '16:0-22:0', 'Thursday': '16:0-22:0', 'Friday': '16:0-19:0', 'Saturday': '11:0-23:0', 'Sunday': '11:0-20:0'}"
2xVsWBNFwZOxIOdd9Mwnww,Cheeseburger In Paradise,116 N Pottstown Pike,Exton,PA,19341,40.029962,-75.630607,2.5,20,0,"{'NoiseLevel': ""u'average'"", 'HasTV': 'True', 'RestaurantsAttire': ""u'casual'"", 'BusinessParking': ""{'garage': False, 'street': False, 'validated': False, 'lot': True, 'valet': False}"", 'Ambience': ""{'romantic': False, 'intimate': False, 'touristy': False, 'hipster': False, 'divey': False, 'classy': False, 'trendy': False, 'upscale': False, 'casual': False}"", 'RestaurantsPriceRange2': '2', 'BusinessAcceptsCreditCards': 'True', 'OutdoorSeating': 'True', 'RestaurantsGoodForGroups': 'True', 'WiFi': ""u'free'"", 'RestaurantsDelivery': 'False', 'GoodForKids': 'True', 'Alcohol': ""u'full_bar'"", 'RestaurantsTakeOut': 'True', 'HappyHour': 'True'}","Restaurants, Burgers",
ljxNT9p0y7YMPx0fcNBGig,Tony's Restaurant & 3rd Street Cafe,312 Piasa St,Alton,IL,62002,38.896563,-90.1862032987,3.0,94,1,"{'RestaurantsReservations': 'True', 'RestaurantsPriceRange2': '2', 'OutdoorSeating': 'True', 'RestaurantsDelivery': 'False', 'BusinessAcceptsCreditCards': 'True', 'Alcohol': ""u'full_bar'"", 'HasTV': 'True', 'Caters': 'True', 'GoodForKids': 'True', 'RestaurantsGoodForGroups': 'True', 'NoiseLevel': ""u'average'"", 'RestaurantsAttire': ""u'casual'"", 'BikeParking': 'True', 'BusinessParking': ""{'garage': False, 'street': True, 'validated': False, 'lot': True, 'valet': False}"", 'GoodForMeal': ""{'dessert': False, 'latenight': False, 'lunch': False, 'dinner': True, 'brunch': False, 'breakfast': False}"", 'WiFi': ""'free'"", 'RestaurantsTakeOut': 'True', 'BusinessAcceptsBitcoin': 'False', 'HappyHour': 'True', 'Ambience': ""{'touristy': False, 'hipster': False, 'romantic': False, 'divey': False, 'intimate': False, 'trendy': False, 'upscale': False, 'classy': True, 'casual': True}"", 'RestaurantsTableService': 'True', 'WheelchairAccessible': 'True'}","Restaurants, Specialty Food, Steakhouses, Food, Italian, Pizza, Pasta Shops","{'Monday': '0:0-0:0', 'Tuesday': '16:0-21:30', 'Wednesday': '16:0-21:30', 'Thursday': '16:0-21:30', 'Friday': '16:0-22:0', 'Saturday': '16:0-22:0', 'Sunday': '16:0-21:30'}"
wghnIlMb_i5U46HMBGx9ig,China Dragon Restaurant,"1625 W Valencia Rd, Ste 101-103",Tucson,AZ,85746,32.1323047,-110.9999851,3.0,23,0,"{'WiFi': ""'no'"", 'BusinessParking': ""{'garage': False, 'street': False, 'validated': False, 'lot': False, 'valet': False}"", 'HasTV': 'False', 'Alcohol': ""'beer_and_wine'"", 'RestaurantsDelivery': 'False', 'RestaurantsPriceRange2': '2', 'RestaurantsAttire': ""u'casual'"", 'OutdoorSeating': 'False', 'RestaurantsReservations': 'True', 'RestaurantsGoodForGroups': 'True', 'NoiseLevel': ""u'quiet'"", 'RestaurantsTakeOut': 'True', 'Caters': 'False', 'Ambience': ""{'romantic': False, 'intimate': False, 'classy': False, 'hipster': False, 'divey': False, 'touristy': False, 'trendy': False, 'upscale': False, 'casual': True}"", 'BusinessAcceptsCreditCards': 'True', 'GoodForKids': 'True'}","Restaurants, Chinese","{'Monday': '11:0-21:0', 'Tuesday': '11:0-21:0', 'Wednesday': '11:0-21:0', 'Thursday': '11:0-21:0', 'Friday': '11:0-21:0', 'Saturday': '11:0-21:0', 'Sunday': '11:0-21:0'}"
lk9IwjZXqUMqqOhM774DtQ,Caviar & Bananas,2031 Broadway,Nashville,TN,37203,36.1483712,-86.7988947,3.5,159,0,"{'RestaurantsTakeOut': 'True', 'RestaurantsReservations': 'False', 'RestaurantsAttire': ""'casual'"", 'OutdoorSeating': 'True', 'BestNights': ""{'monday': False, 'tuesday': False, 'friday': False, 'wednesday': False, 'thursday': False, 'sunday': False, 'saturday': False}"", 'RestaurantsTableService': 'False', 'Ambience': ""{'touristy': False, 'hipster': False, 'romantic': False, 'divey': False, 'intimate': False, 'trendy': True, 'upscale': False, 'classy': True, 'casual': True}"", 'RestaurantsPriceRange2': '2', 'Alcohol': ""u'beer_and_wine'"", 'RestaurantsGoodForGroups': 'True', 'BikeParking': 'True', 'BusinessAcceptsCreditCards': 'True', 'GoodForKids': 'True', 'HappyHour': 'True', 'WiFi': ""'free'"", 'CoatCheck': 'False', 'BusinessParking': ""{'garage': True, 'street': False, 'validated': False, 'lot': False, 'valet': False}"", 'GoodForMeal': ""{'dessert': True, 'latenight': False, 'lunch': True, 'dinner': False, 'brunch': True, 'breakfast': True}"", 'WheelchairAccessible': 'True', 'NoiseLevel': ""u'average'"", 'Caters': 'True', 'HasTV': 'False', 'Music': ""{'dj': False, 'background_music': False, 'no_music': False, 'jukebox': False, 'live': False, 'video': False, 'karaoke': False}"", 'Smoking': ""u'no'"", 'RestaurantsDelivery': 'True', 'GoodForDancing': 'False'}","Coffee & Tea, Restaurants, Wine Bars, Bars, Nightlife, American (Traditional), Event Planning & Services, Food, Caterers, Breakfast & Brunch, Cafes, Diners","{'Monday': '7:0-17:0', 'Tuesday': '7:0-17:0', 'Wednesday': '7:0-17:0', 'Thursday': '7:0-17:0', 'Friday': '7:0-17:0', 'Saturday': '7:0-17:0', 'Sunday': '7:0-17:0'}"
ABxoFuzZy5mqQ8C5FJJajQ,Core de Roma,201 Jefferson St,Bala Cynwyd,PA,19004,40.0283575,-75.2380841,5.0,12,1,"{'RestaurantsTakeOut': 'None', 'RestaurantsDelivery': 'None', 'BusinessParking': ""{u'valet': False, u'garage': False, u'street': False, u'lot': True, u'validated': False}""}","Restaurants, Italian","{'Tuesday': '15:0-20:30', 'Wednesday': '15:0-20:30', 'Thursday': '15:0-20:30', 'Friday': '15:0-20:30', 'Saturday': '15:0-20:30', 'Sunday': '15:0-20:30'}"
cVBxfMC4lp3DnocjYA3FHQ,Paws The Cat Cafe,10588 109 Street,Edmonton,AB,T5H 3B2,53.5496333,-113.5087799,5.0,20,0,"{'RestaurantsAttire': ""'casual'"", 'RestaurantsReservations': 'True', 'BusinessParking': ""{'garage': False, 'street': True, 'validated': False, 'lot': True, 'valet': False}"", 'Alcohol': ""u'none'"", 'GoodForMeal': ""{'dessert': False, 'latenight': False, 'lunch': False, 'dinner': False, 'brunch': False, 'breakfast': False}"", 'WheelchairAccessible': 'False', 'GoodForKids': 'True', 'RestaurantsTakeOut': 'True', 'RestaurantsTableService': 'False', 'OutdoorSeating': 'False', 'Ambience': ""{'touristy': False, 'hipster': False, 'romantic': False, 'intimate': False, 'trendy': False, 'upscale': False, 'classy': False, 'casual': False}"", 'HasTV': 'False', 'RestaurantsGoodForGroups': 'True', 'RestaurantsPriceRange2': '1', 'Caters': 'False', 'WiFi': ""u'free'"", 'BikeParking': 'True', 'DogsAllowed': 'False', 'RestaurantsDelivery': 'False', 'HappyHour': 'False'}","Coffee & Tea, Cafes, Pets, Restaurants, Pet Adoption, Food","{'Monday': '0:0-0:0', 'Tuesday': '10:0-21:0', 'Wednesday': '10:0-21:0', 'Thursday': '10:0-21:0', 'Friday': '10:0-20:0', 'Saturday': '10:0-18:0', 'Sunday': '10:0-18:0'}"
uI9XODGY_2_ieTE6xJ0myw,Roman Forum,10440 N Dale Mabry Hwy,Tampa,FL,33618,28.0462028173,-82.5050526736,4.0,23,0,"{'BusinessParking': ""{'garage': False, 'street': False, 'validated': False, 'lot': True, 'valet': False}"", 'BikeParking': 'False', 'OutdoorSeating': 'True', 'RestaurantsDelivery': 'False', 'GoodForKids': 'True', 'RestaurantsTakeOut': 'True', 'BusinessAcceptsCreditCards': 'True', 'Caters': 'True', 'NoiseLevel': ""u'quiet'"", 'WiFi': ""'no'"", 'HasTV': 'True', 'Ambience': ""{'romantic': False, 'intimate': False, 'classy': False, 'hipster': False, 'divey': False, 'touristy': False, 'trendy': False, 'upscale': False, 'casual': True}"", 'RestaurantsAttire': ""u'casual'"", 'RestaurantsReservations': 'True', 'Alcohol': ""u'full_bar'"", 'RestaurantsGoodForGroups': 'True', 'RestaurantsPriceRange2': '2'}","Restaurants, American (New), Italian","{'Monday': '11:30-21:0', 'Tuesday': '11:30-21:0', 'Wednesday': '11:30-21:0', 'Thursday': '11:30-21:0', 'Friday': '11:30-22:0', 'Saturday': '4:0-22:0'}"
JgpnXv_0XhV3SfbfB50nxw,Joe's Pizza,2038 N Dale Mabry Hwy,Tampa,FL,33607,27.9605142,-82.506127,4.0,35,0,"{'BusinessParking': ""{'garage': False, 'street': False, 'validated': False, 'lot': True, 'valet': False}"", 'GoodForKids': 'True', 'RestaurantsReservations': 'False', 'RestaurantsTakeOut': 'True', 'Caters': 'False', 'HasTV': 'True', 'RestaurantsPriceRange2': '1', 'RestaurantsAttire': ""u'casual'"", 'OutdoorSeating': 'False', 'RestaurantsDelivery': 'True', 'WiFi': ""u'no'"", 'Ambience': ""{'romantic': False, 'intimate': False, 'classy': False, 'hipster': False, 'divey': False, 'touristy': False, 'trendy': False, 'upscale': False, 'casual': True}"", 'NoiseLevel': ""u'average'"", 'BikeParking': 'True', 'Alcohol': ""u'beer_and_wine'"", 'BusinessAcceptsCreditCards': 'True', 'RestaurantsGoodForGroups': 'True', 'GoodForMeal': ""{'dessert': False, 'latenight': False, 'lunch': True, 'dinner': True, 'brunch': False, 'breakfast': False}""}","Restaurants, Pizza","{'Monday': '11:0-22:0', 'Tuesday': '11:0-22:0', 'Wednesday': '11:0-22:0', 'Thursday': '11:0-22:0', 'Friday': '11:0-3:0', 'Saturday': '11:0-3:0'}"
Si6LXSR9gvAbmgO5DzV2cw,Lafitte's Landing Seafood House,1700 Lapalco Blvd,Harvey,LA,70058,29.8754822266,-90.04938,2.5,38,0,"{'WiFi': ""'no'"", 'RestaurantsReservations': 'True', 'RestaurantsPriceRange2': '2', 'RestaurantsAttire': ""'casual'"", 'HasTV': 'False', 'Alcohol': ""'full_bar'"", 'RestaurantsDelivery': 'False', 'GoodForKids': 'True', 'RestaurantsTakeOut': 'True', 'BikeParking': 'True', 'Ambience': ""{'touristy': False, 'hipster': False, 'romantic': False, 'divey': False, 'intimate': False, 'trendy': False, 'upscale': False, 'classy': False, 'casual': False}"", 'GoodForMeal': ""{'dessert': False, 'latenight': False, 'lunch': True, 'dinner': False, 'brunch': False, 'breakfast': False}"", 'RestaurantsGoodForGroups': 'True', 'OutdoorSeating': 'False', 'BusinessAcceptsCreditCards': 'True'}","Restaurants, Soup, Seafood, Burgers","{'Monday': '11:0-22:0', 'Tuesday': '11:0-22:0', 'Wednesday': '11:0-22:0', 'Thursday': '11:0-22:0', 'Friday': '11:0-22:0', 'Saturday': '11:0-22:0', 'Sunday': '11:0-22:0'}"
seKihQKpGGnCeLuELRQPSQ,Twin Peaks,6880 E 82nd St,Indianapolis,IN,46250,39.9062952,-86.0474634,3.5,257,1,"{'CoatCheck': 'False', 'Music': ""{'dj': False}"", 'Caters': 'False', 'HappyHour': 'True', 'WiFi': ""'free'"", 'BusinessAcceptsCreditCards': 'True', 'RestaurantsGoodForGroups': 'True', 'NoiseLevel': ""'average'"", 'Smoking': ""u'no'"", 'OutdoorSeating': 'True', 'BusinessParking': ""{'garage': False, 'street': False, 'validated': False, 'lot': True, 'valet': False}"", 'HasTV': 'True', 'RestaurantsPriceRange2': '2', 'GoodForDancing': 'False', 'RestaurantsTableService': 'True', 'RestaurantsTakeOut': 'True', 'Alcohol': ""'full_bar'"", 'DogsAllowed': 'False', 'RestaurantsAttire': ""'casual'"", 'RestaurantsReservations': 'False', 'Ambience': ""{u'divey': False, u'hipster': None, u'casual': True, u'touristy': None, u'trendy': None, u'intimate': False, u'romantic': False, u'classy': False, u'upscale': False}"", 'RestaurantsDelivery': 'False', 'GoodForMeal': ""{'dessert': None, 'latenight': None, 'lunch': True, 'dinner': True, 'brunch': False, 'breakfast': False}"", 'GoodForKids': 'True', 'BikeParking': 'False', 'BestNights': ""{u'monday': False, u'tuesday': True, u'wednesday': False, u'thursday': False, u'friday': True, u'saturday': True, u'sunday': False}""}","Sports Bars, American (New), American (Traditional), Nightlife, Bars, Restaurants","{'Monday': '0:0-0:0', 'Tuesday': '11:0-0:0', 'Wednesday': '11:0-0:0', 'Thursday': '11:0-22:0', 'Friday': '11:0-19:0', 'Saturday': '11:0-1:0', 'Sunday': '11:0-0:0'}"
L_TT0BFmFwORAMaA83K54A,Village Tap Room,838 Broad Ripple Ave,Indianapolis,IN,46220,39.8699114,-86.1435773,2.5,23,0,"{'Alcohol': ""u'none'"", 'BestNights': ""{'monday': False, 'tuesday': False, 'friday': False, 'wednesday': True, 'thursday': True, 'sunday': False, 'saturday': True}"", 'RestaurantsAttire': ""u'casual'"", 'RestaurantsPriceRange2': '2', 'WheelchairAccessible': 'False', 'HasTV': 'False', 'Ambience': ""{'romantic': False, 'intimate': False, 'classy': False, 'hipster': False, 'divey': False, 'touristy': False, 'trendy': False, 'upscale': False, 'casual': True}"", 'GoodForMeal': ""{'dessert': False, 'latenight': False, 'lunch': False, 'dinner': False, 'brunch': False, 'breakfast': False}"", 'RestaurantsDelivery': 'False', 'RestaurantsGoodForGroups': 'True', 'Music': ""{'jukebox': True}"", 'OutdoorSeating': 'False', 'BusinessAcceptsCreditCards': 'False', 'DogsAllowed': 'False', 'NoiseLevel': ""u'average'"", 'Smoking': ""u'no'"", 'RestaurantsTableService': 'False', 'WiFi': ""u'no'"", 'RestaurantsReservations': 'False', 'BusinessAcceptsBitcoin': 'False', 'GoodForDancing': 'False', 'CoatCheck': 'False', 'BikeParking': 'False', 'GoodForKids': 'False', 'RestaurantsTakeOut': 'False', 'HappyHour': 'False', 'Caters': 'False'}","Gastropubs, Cocktail Bars, Beer Bar, Bars, Restaurants, Nightlife",
qfWJmJ0g96eM_fWma3ja0g,Doc Magrogan's Oyster House - West Chester,117 E Gay St,West Chester,PA,19380,39.9615417,-75.6036042,3.0,114,0,"{'WiFi': ""u'no'"", 'RestaurantsAttire': ""u'casual'"", 'OutdoorSeating': 'True', 'RestaurantsGoodForGroups': 'True', 'BusinessAcceptsCreditCards': 'True', 'Alcohol': ""u'full_bar'"", 'Caters': 'False', 'NoiseLevel': ""u'average'"", 'BusinessParking': ""{'garage': False, 'street': True, 'validated': False, 'lot': False, 'valet': False}"", 'GoodForKids': 'True', 'RestaurantsReservations': 'True', 'BikeParking': 'True', 'RestaurantsPriceRange2': '2', 'RestaurantsTakeOut': 'True', 'HasTV': 'True', 'Ambience': ""{'romantic': False, 'intimate': False, 'touristy': False, 'hipster': False, 'divey': False, 'classy': False, 'trendy': False, 'upscale': False, 'casual': True}"", 'HappyHour': 'True', 'RestaurantsDelivery': 'False'}","Seafood, Restaurants, Bars, Nightlife, Cocktail Bars, American (New), Pubs",
8rb-3VYXE37IZix4yOdskw,Sharky's Sports Bar & Grill,820 N Black Horse Pike,Williamstown,NJ,08094,39.6968014,-74.9998214,2.5,29,1,"{'Alcohol': ""u'full_bar'"", 'RestaurantsGoodForGroups': 'True', 'BikeParking': 'True', 'NoiseLevel': ""u'average'"", 'RestaurantsAttire': ""u'casual'"", 'BusinessAcceptsCreditCards': 'True', 'GoodForKids': 'False', 'HasTV': 'True', 'RestaurantsTakeOut': 'True', 'RestaurantsDelivery': 'False', 'RestaurantsPriceRange2': '1', 'WiFi': ""'free'"", 'RestaurantsReservations': 'False', 'OutdoorSeating': 'False', 'BusinessParking': ""{'garage': False, 'street': False, 'validated': False, 'lot': True, 'valet': False}"", 'Caters': 'False', 'Ambience': ""{'romantic': False, 'intimate': False, 'classy': False, 'hipster': False, 'divey': True, 'touristy': False, 'trendy': False, 'upscale': False, 'casual': False}""}","American (Traditional), Bars, Nightlife, Sports Bars, Restaurants",
aCDY7vXYMs54EbYuQScsnQ,39 North Taproom & Grill,110 S MacDade Blvd,Glenolden,PA,19036,39.9036968861,-75.2949812448,4.5,25,1,"{'WheelchairAccessible': 'True', 'RestaurantsTakeOut': 'True', 'RestaurantsTableService': 'True', 'GoodForMeal': ""{'dessert': False, 'latenight': False, 'lunch': False, 'dinner': False, 'brunch': False, 'breakfast': False}"", 'BusinessParking': ""{'garage': False, 'street': True, 'validated': False, 'lot': True, 'valet': False}"", 'HasTV': 'True', 'BusinessAcceptsCreditCards': 'True', 'Smoking': ""u'no'"", 'Caters': 'True', 'CoatCheck': 'False', 'HappyHour': 'True', 'WiFi': ""u'free'"", 'Ambience': ""{'touristy': False, 'hipster': False, 'romantic': False, 'divey': False, 'intimate': False, 'trendy': False, 'upscale': False, 'classy': False, 'casual': False}"", 'Alcohol': ""u'full_bar'"", 'BikeParking': 'True', 'Music': ""{'dj': False, 'background_music': False, 'no_music': False, 'jukebox': False, 'live': True, 'video': False, 'karaoke': False}"", 'OutdoorSeating': 'None', 'RestaurantsDelivery': 'True', 'BYOB': 'False', 'RestaurantsReservations': 'False'}","American (Traditional), Sports Bars, Restaurants, Bars, Nightlife, Steakhouses, Salad, Beer Bar","{'Monday': '0:0-0:0', 'Tuesday': '11:0-0:0', 'Wednesday': '11:0-1:0', 'Thursday': '11:0-2:0', 'Friday': '11:0-2:0', 'Saturday': '11:0-2:0', 'Sunday': '11:0-23:0'}"
x9K0RfZaT_zlw6DklBDzjw,Gavi Italian Restaurant,"7401 N La Cholla Blvd, Ste 146",Tucson,AZ,85707,32.221667,-110.925833,3.5,9,0,"{'RestaurantsPriceRange2': '2', 'RestaurantsReservations': 'False', 'BusinessAcceptsCreditCards': 'True', 'Alcohol': ""u'full_bar'"", 'GoodForKids': 'True', 'RestaurantsAttire': ""u'casual'"", 'RestaurantsGoodForGroups': 'True', 'RestaurantsDelivery': 'False', 'BusinessParking': ""{'garage': False, 'street': False, 'validated': False, 'lot': True, 'valet': False}"", 'RestaurantsTakeOut': 'True', 'OutdoorSeating': 'True'}","Italian, Restaurants",
pJfh3Ct8iL58NZa8ta-a5w,Top Shelf Sports Lounge,3173 Cypress Ridge Blvd,Wesley Chapel,FL,33544,28.1962523878,-82.3806153496,4.5,95,1,"{'BestNights': ""{'monday': False, 'tuesday': False, 'friday': False, 'wednesday': False, 'thursday': False, 'sunday': False, 'saturday': False}"", 'ByAppointmentOnly': 'False', 'GoodForDancing': 'False', 'BusinessAcceptsCreditCards': 'True', 'HappyHour': 'True', 'Alcohol': ""u'full_bar'"", 'RestaurantsAttire': ""u'casual'"", 'Smoking': ""u'outdoor'"", 'BikeParking': 'True', 'CoatCheck': 'False', 'HasTV': 'True', 'RestaurantsPriceRange2': '2', 'RestaurantsGoodForGroups': 'True', 'Ambience': ""{'touristy': False, 'hipster': None, 'romantic': False, 'divey': False, 'intimate': False, 'trendy': None, 'upscale': None, 'classy': False, 'casual': True}"", 'Music': ""{'dj': False, 'background_music': False, 'no_music': False, 'jukebox': None, 'live': False, 'video': False, 'karaoke': None}"", 'RestaurantsTableService': 'True', 'BYOB': 'False', 'WiFi': ""u'free'"", 'DogsAllowed': 'False', 'Caters': 'True', 'WheelchairAccessible': 'True', 'NoiseLevel': ""u'average'"", 'DriveThru': 'False', 'OutdoorSeating': 'False', 'RestaurantsReservations': 'True', 'BusinessAcceptsBitcoin': 'False', 'RestaurantsTakeOut': 'True', 'GoodForKids': 'False', 'BusinessParking': 'None', 'Corkage': 'True', 'RestaurantsDelivery': 'True', 'GoodForMeal': ""{'dessert': None, 'latenight': None, 'lunch': None, 'dinner': True, 'brunch': None, 'breakfast': None}""}","Burgers, Sports Bars, Bars, Lounges, Restaurants, Salad, Wraps, Nightlife, American (New)","{'Monday': '11:30-22:0', 'Tuesday': '11:30-23:30', 'Wednesday': '11:30-23:30', 'Thursday': '11:30-23:30', 'Friday': '11:30-23:30', 'Saturday': '10:0-23:30', 'Sunday': '10:0-22:0'}"
ppFCk9aQkM338Rgwpl2F5A,Wawa,3604 Chestnut St,Philadelphia,PA,19104,39.954573,-75.1948936,3.0,56,1,"{'Alcohol': ""u'none'"", 'RestaurantsGoodForGroups': 'True', 'BusinessParking': ""{'garage': False, 'street': True, 'validated': False, 'lot': False, 'valet': False}"", 'OutdoorSeating': 'False', 'RestaurantsPriceRange2': '1', 'BusinessAcceptsCreditCards': 'True', 'Ambience': ""{'romantic': False, 'intimate': False, 'classy': False, 'hipster': False, 'divey': False, 'touristy': False, 'trendy': False, 'upscale': False, 'casual': True}"", 'GoodForKids': 'True', 'RestaurantsReservations': 'False', 'RestaurantsTakeOut': 'True', 'NoiseLevel': ""u'average'"", 'RestaurantsAttire': ""u'casual'"", 'Caters': 'False', 'ByAppointmentOnly': 'False', 'HasTV': 'True', 'BikeParking': 'True', 'WiFi': ""u'free'"", 'RestaurantsDelivery': 'True'}","Restaurants, Automotive, Delis, Gas Stations, Food, Coffee & Tea, Sandwiches, Convenience Stores","{'Monday': '0:0-0:0', 'Tuesday': '0:0-0:0', 'Wednesday': '0:0-0:0', 'Thursday': '0:0-0:0', 'Friday': '0:0-0:0', 'Saturday': '0:0-0:0', 'Sunday': '0:0-0:0'}"
NZ_bFJma7brQUfln5h1UAg,Super Sushi Kyo Hin,2501 Mt Holly Rd 245,Burlington,NJ,08016,40.0416285,-74.8258209,3.5,6,0,"{'RestaurantsReservations': 'True', 'RestaurantsAttire': ""u'casual'"", 'HasTV': 'False', 'RestaurantsTakeOut': 'True', 'BusinessParking': ""{'garage': False, 'street': False, 'validated': False, 'lot': True, 'valet': False}"", 'RestaurantsDelivery': 'False', 'GoodForKids': 'True', 'Ambience': ""{'romantic': False, 'intimate': False, 'touristy': False, 'hipster': False, 'divey': False, 'classy': False, 'trendy': False, 'upscale': False, 'casual': False}"", 'RestaurantsPriceRange2': '2', 'RestaurantsGoodForGroups': 'True', 'OutdoorSeating': 'False', 'NoiseLevel': ""u'quiet'"", 'BusinessAcceptsCreditCards': 'True'}","Restaurants, Japanese, Sushi Bars, Asian Fusion",
IDtLPgUrqorrpqSLdfMhZQ,Helena Avenue Bakery,"131 Anacapa St, Ste C",Santa Barbara,CA,93101,34.4144445,-119.6906718,4.0,389,1,"{'RestaurantsTakeOut': 'True', 'NoiseLevel': ""u'average'"", 'Caters': 'True', 'Ambience': ""{'touristy': False, 'hipster': True, 'romantic': False, 'divey': False, 'intimate': False, 'trendy': True, 'upscale': False, 'classy': False, 'casual': True}"", 'RestaurantsReservations': 'False', 'BusinessAcceptsCreditCards': 'True', 'RestaurantsTableService': 'False', 'GoodForKids': 'True', 'RestaurantsPriceRange2': '2', 'WheelchairAccessible': 'True', 'OutdoorSeating': 'True', 'RestaurantsDelivery': 'None', 'HasTV': 'False', 'RestaurantsAttire': ""'casual'"", 'Alcohol': ""u'none'"", 'GoodForMeal': ""{'dessert': False, 'latenight': False, 'lunch': True, 'dinner': False, 'brunch': True, 'breakfast': True}"", 'DogsAllowed': 'True', 'RestaurantsGoodForGroups': 'True', 'HappyHour': 'False', 'BusinessParking': ""{'garage': False, 'street': True, 'validated': False, 'lot': False, 'valet': False}"", 'BikeParking': 'True', 'WiFi': ""u'no'""}","Food, Restaurants, Salad, Coffee & Tea, Breakfast & Brunch, Sandwiches, Bakeries","{'Monday': '0:0-0:0', 'Tuesday': '8:0-14:0', 'Wednesday': '8:0-14:0', 'Thursday': '8:0-14:0', 'Friday': '8:0-14:0', 'Saturday': '8:0-14:0', 'Sunday': '8:0-14:0'}"
YNjyv0gfOr2g8lbmUpTnKg,Copper Vine,1001 Poydras St,New Orleans,LA,70112,29.9506467229,-90.0744274301,4.5,350,1,"{'NoiseLevel': ""u'average'"", 'RestaurantsGoodForGroups': 'True', 'WheelchairAccessible': 'True', 'WiFi': ""u'free'"", 'HappyHour': 'True', 'OutdoorSeating': 'True', 'BusinessAcceptsCreditCards': 'True', 'Ambience': ""{'touristy': False, 'hipster': False, 'romantic': False, 'divey': False, 'intimate': False, 'trendy': False, 'upscale': False, 'classy': True, 'casual': False}"", 'Alcohol': ""u'full_bar'"", 'BusinessParking': ""{'garage': True, 'street': True, 'validated': False, 'lot': False, 'valet': False}"", 'Smoking': ""u'no'"", 'RestaurantsPriceRange2': '2', 'RestaurantsTakeOut': 'True', 'Music': ""{'dj': False, 'background_music': False, 'no_music': False, 'jukebox': False, 'live': False, 'video': False, 'karaoke': False}"", 'DogsAllowed': 'False', 'BestNights': ""{'monday': False, 'tuesday': False, 'friday': False, 'wednesday': False, 'thursday': False, 'sunday': False, 'saturday': False}"", 'RestaurantsAttire': ""u'casual'"", 'ByAppointmentOnly': 'False', 'CoatCheck': 'False', 'GoodForDancing': 'False', 'RestaurantsDelivery': 'True', 'HasTV': 'True', 'RestaurantsReservations': 'True'}","Nightlife, Pubs, Event Planning & Services, Wine Bars, Bars, Gastropubs, Restaurants, Venues & Event Spaces","{'Monday': '0:0-0:0', 'Tuesday': '11:0-21:0', 'Wednesday': '11:0-21:0', 'Thursday': '11:0-21:0', 'Friday': '11:0-23:0', 'Saturday': '10:30-22:0', 'Sunday': '10:30-21:0'}"
LhpPSrulqVeTyJeK2xydvQ,Fresh Fruits & Salads,114 N 3rd St,Camden,NJ,08102,39.9466899,-75.123327,4.5,6,1,"{'BusinessParking': ""{'garage': False, 'street': True, 'validated': False, 'lot': False, 'valet': False}"", 'GoodForMeal': ""{'dessert': False, 'latenight': False, 'lunch': False, 'dinner': False, 'brunch': False, 'breakfast': False}"", 'Ambience': ""{'touristy': False, 'hipster': False, 'romantic': False, 'divey': False, 'intimate': False, 'trendy': False, 'upscale': False, 'classy': False, 'casual': False}"", 'HasTV': 'True'}","Juice Bars & Smoothies, Restaurants, Fruits & Veggies, Salad, Specialty Food, Food","{'Monday': '9:0-18:0', 'Tuesday': '9:0-18:0', 'Wednesday': '9:0-18:0', 'Thursday': '9:0-18:0', 'Friday': '9:0-18:0', 'Saturday': '9:0-18:0'}"
oaboaRBUgGjbo2kfUIKDLQ,Mike's Ice Cream,129 2nd Ave N,Nashville,TN,37201,36.1626492,-86.7759733,4.5,593,1,"{'RestaurantsGoodForGroups': 'True', 'GoodForKids': 'True', 'BusinessParking': ""{'garage': False, 'street': True, 'validated': False, 'lot': False, 'valet': False}"", 'Alcohol': ""u'none'"", 'BusinessAcceptsCreditCards': 'True', 'NoiseLevel': ""u'average'"", 'Caters': 'False', 'Ambience': ""{'romantic': False, 'intimate': False, 'touristy': False, 'hipster': False, 'divey': False, 'classy': False, 'trendy': False, 'upscale': False, 'casual': True}"", 'HasTV': 'False', 'RestaurantsReservations': 'False', 'RestaurantsAttire': ""'casual'"", 'WiFi': ""'free'"", 'BikeParking': 'False', 'DriveThru': 'False', 'ByAppointmentOnly': 'False', 'DogsAllowed': 'False', 'RestaurantsTakeOut': 'True', 'RestaurantsDelivery': 'None', 'OutdoorSeating': 'None', 'RestaurantsPriceRange2': '2'}","Ice Cream & Frozen Yogurt, Coffee & Tea, Restaurants, Sandwiches, Food","{'Monday': '8:0-23:0', 'Tuesday': '8:0-23:0', 'Wednesday': '8:0-23:0', 'Thursday': '8:0-23:0', 'Friday': '8:0-0:0', 'Saturday': '8:0-0:30', 'Sunday': '8:0-23:0'}"
RK6-cJ9hj53RzOlCBmpT-g,Impasto,,Tampa,FL,33611,27.890814,-82.5023464,5.0,5,1,"{'BusinessAcceptsCreditCards': 'True', 'RestaurantsDelivery': 'False', 'RestaurantsTakeOut': 'True', 'Caters': 'True'}","Restaurants, Italian, Food Trucks, Food","{'Monday': '0:0-0:0', 'Tuesday': '0:0-0:0', 'Wednesday': '0:0-0:0', 'Thursday': '0:0-0:0', 'Friday': '0:0-0:0', 'Saturday': '0:0-0:0', 'Sunday': '0:0-0:0'}"
knQ4vIgx-r85kjlWVVjcpQ,Silver and Blue Outfitters,5191 Meadowood Mall Cir,Reno,NV,89502,39.476518,-119.7840369,4.5,5,1,"{'BikeParking': 'True', 'WiFi': ""u'no'"", 'DogsAllowed': 'False', 'BusinessAcceptsCreditCards': 'True', 'Alcohol': ""u'none'"", 'WheelchairAccessible': 'True', 'BusinessParking': ""{'garage': False, 'street': False, 'validated': False, 'lot': True, 'valet': False}"", 'RestaurantsReservations': 'False', 'BusinessAcceptsBitcoin': 'False'}","Sporting Goods, Sports Wear, Fashion, Restaurants, Fast Food, Sandwiches, Shopping","{'Monday': '0:0-0:0', 'Tuesday': '10:0-21:0', 'Wednesday': '10:0-21:0', 'Thursday': '10:0-21:0', 'Friday': '10:0-21:0', 'Saturday': '10:0-21:0', 'Sunday': '11:0-18:0'}"
1MeIwdbTnZOBFCKOrgaxuw,Ricardo's Italian Cafe,1931 Park Ave,Saint Louis,MO,63104,38.6172724,-90.2127841,3.5,80,0,"{'OutdoorSeating': 'False', 'BusinessAcceptsCreditCards': 'True', 'RestaurantsReservations': 'True', 'RestaurantsAttire': ""u'casual'"", 'RestaurantsTakeOut': 'True', 'Alcohol': ""u'full_bar'"", 'RestaurantsPriceRange2': '2', 'GoodForKids': 'True', 'Caters': 'False', 'RestaurantsDelivery': 'False', 'RestaurantsGoodForGroups': 'True', 'Ambience': ""{'romantic': False, 'intimate': False, 'touristy': False, 'hipster': False, 'divey': False, 'classy': False, 'trendy': False, 'upscale': False, 'casual': True}"", 'WiFi': ""'no'"", 'BikeParking': 'True', 'BusinessParking': ""{'garage': False, 'street': True, 'validated': False, 'lot': False, 'valet': False}"", 'NoiseLevel': ""u'average'"", 'HasTV': 'True', 'HappyHour': 'True'}","American (New), Restaurants, Cafes, Italian, American (Traditional)","{'Monday': '11:0-14:0', 'Tuesday': '16:0-21:0', 'Wednesday': '16:0-21:0', 'Thursday': '16:0-21:0', 'Friday': '16:0-22:0', 'Saturday': '17:30-22:0'}"
EuRGgOwJ0g1vTj2R04j37Q,Crafty Crab,51 Ludwig Dr,Fairview Heights,IL,62208,38.6012982,-89.9896835,2.5,14,1,"{'BusinessParking': ""{u'valet': False, u'garage': False, u'street': False, u'lot': True, u'validated': False}"", 'RestaurantsDelivery': 'True', 'RestaurantsTakeOut': 'True', 'HasTV': 'True', 'GoodForKids': 'True'}","Seafood, Restaurants","{'Monday': '12:0-22:0', 'Tuesday': '12:0-22:0', 'Wednesday': '12:0-22:0', 'Thursday': '12:0-22:0', 'Friday': '12:0-23:0', 'Saturday': '12:0-23:0', 'Sunday': '12:0-22:0'}"
TLZ3-eDPLhUzfsWO4ad6Ug,Mahony's Po-Boys & Seafood,901 Iberville St,New Orleans,LA,70112,29.9554151,-90.0700619,4.0,382,1,"{'RestaurantsGoodForGroups': 'True', 'DogsAllowed': 'False', 'Alcohol': ""'full_bar'"", 'RestaurantsAttire': ""u'casual'"", 'RestaurantsDelivery': 'False', 'RestaurantsReservations': 'False', 'BusinessAcceptsCreditCards': 'True', 'HasTV': 'True', 'RestaurantsTableService': 'True', 'RestaurantsPriceRange2': '2', 'WiFi': ""u'free'"", 'NoiseLevel': ""u'average'"", 'Ambience': ""{'touristy': False, 'hipster': False, 'romantic': False, 'divey': False, 'intimate': False, 'trendy': False, 'upscale': False, 'classy': True, 'casual': True}"", 'WheelchairAccessible': 'True', 'BYOB': 'False', 'OutdoorSeating': 'False', 'HappyHour': 'True', 'RestaurantsTakeOut': 'True', 'BusinessParking': ""{'garage': None, 'street': False, 'validated': None, 'lot': False, 'valet': False}"", 'Caters': 'False', 'GoodForMeal': ""{'dessert': None, 'latenight': None, 'lunch': True, 'dinner': True, 'brunch': True, 'breakfast': None}"", 'GoodForKids': 'True', 'BikeParking': 'True'}","Restaurants, Seafood, Cajun/Creole","{'Monday': '0:0-0:0', 'Thursday': '15:0-20:0', 'Friday': '12:0-20:0', 'Saturday': '12:0-20:0', 'Sunday': '12:0-20:0'}"
Dy91wdWkwtI_qgjAIZ0Niw,Taqueria Los Primos,3322 Old Capitol Trl,Wilmington,DE,19808,39.7320886,-75.6256733,4.0,23,1,"{'BusinessAcceptsCreditCards': 'True', 'HasTV': 'True', 'OutdoorSeating': 'False', 'RestaurantsReservations': 'False', 'GoodForKids': 'True', 'RestaurantsPriceRange2': '1', 'RestaurantsTakeOut': 'True', 'Caters': 'False', 'WiFi': ""u'no'"", 'RestaurantsAttire': ""u'casual'"", 'NoiseLevel': ""u'quiet'"", 'BusinessParking': ""{'garage': False, 'street': False, 'validated': False, 'lot': True, 'valet': False}"", 'BikeParking': 'False', 'Alcohol': ""u'none'"", 'RestaurantsGoodForGroups': 'True', 'GoodForMeal': ""{u'breakfast': False, u'brunch': False, u'lunch': True, u'dinner': None, u'latenight': None, u'dessert': False}"", 'RestaurantsDelivery': 'True', 'Ambience': ""{u'divey': True, u'hipster': False, u'casual': None, u'touristy': False, u'trendy': False, u'intimate': False, u'romantic': False, u'classy': False, u'upscale': False}""}","Mexican, Restaurants",
vje0KIiE7vtpx7JzmBx5LQ,The Pearl,163 107th Ave,Treasure Island,FL,33706,27.7694046,-82.767317,4.0,129,1,"{'WiFi': ""'free'"", 'NoiseLevel': ""u'average'"", 'GoodForKids': 'False', 'Caters': 'True', 'RestaurantsGoodForGroups': 'True', 'BusinessAcceptsCreditCards': 'True', 'RestaurantsTakeOut': 'True', 'Alcohol': ""u'full_bar'"", 'OutdoorSeating': 'True', 'RestaurantsPriceRange2': '3', 'RestaurantsReservations': 'True', 'RestaurantsAttire': ""u'casual'"", 'HasTV': 'False', 'RestaurantsTableService': 'True', 'BusinessParking': ""{'garage': False, 'street': False, 'validated': False, 'lot': None, 'valet': False}"", 'HappyHour': 'False', 'BikeParking': 'True', 'GoodForMeal': ""{u'breakfast': False, u'brunch': False, u'lunch': False, u'dinner': True, u'latenight': False, u'dessert': None}"", 'Ambience': ""{'touristy': False, 'hipster': False, 'romantic': False, 'divey': False, 'intimate': False, 'trendy': False, 'upscale': False, 'classy': True, 'casual': False}"", 'WheelchairAccessible': 'True', 'RestaurantsDelivery': 'True'}","Restaurants, French, Moroccan, Seafood, Mediterranean","{'Tuesday': '16:0-21:0', 'Wednesday': '16:0-21:0', 'Thursday': '16:0-21:0', 'Friday': '16:0-22:0', 'Saturday': '16:0-22:0'}"
VrGxoSNZfSiT-G4OqRRGIw,Sunset 44 Bistro,118 W Adams Ave,Saint Louis,MO,63122,38.5832229,-90.4071872,4.0,73,1,"{'RestaurantsPriceRange2': '2', 'BusinessParking': ""{'garage': False, 'street': True, 'validated': False, 'lot': True, 'valet': False}"", 'RestaurantsGoodForGroups': 'True', 'HasTV': 'True', 'Caters': 'True', 'Ambience': ""{'romantic': False, 'intimate': False, 'classy': True, 'hipster': False, 'divey': False, 'touristy': False, 'trendy': False, 'upscale': False, 'casual': False}"", 'OutdoorSeating': 'True', 'BusinessAcceptsCreditCards': 'True', 'RestaurantsAttire': ""u'casual'"", 'RestaurantsReservations': 'True', 'RestaurantsTakeOut': 'True', 'Alcohol': ""'full_bar'"", 'WheelchairAccessible': 'True', 'NoiseLevel': ""u'quiet'"", 'WiFi': ""u'free'"", 'RestaurantsTableService': 'True', 'BusinessAcceptsBitcoin': 'False', 'Smoking': ""u'outdoor'"", 'HappyHour': 'True', 'Music': ""{'dj': False, 'background_music': False, 'no_music': False, 'jukebox': False, 'live': False, 'video': False, 'karaoke': False}"", 'BikeParking': 'True', 'GoodForKids': 'True', 'RestaurantsDelivery': 'True', 'BestNights': ""{'monday': False, 'tuesday': False, 'friday': True, 'wednesday': False, 'thursday': True, 'sunday': False, 'saturday': True}"", 'GoodForMeal': ""{'dessert': None, 'latenight': False, 'lunch': None, 'dinner': True, 'brunch': False, 'breakfast': False}""}","Bars, Lounges, American (New), Restaurants, Nightlife, Wine Bars","{'Monday': '16:0-21:0', 'Tuesday': '16:0-21:0', 'Wednesday': '16:0-21:0', 'Thursday': '16:0-21:0', 'Friday': '16:0-22:0', 'Saturday': '16:0-22:0', 'Sunday': '16:0-20:0'}"
VZzivJEbmHItOxNXJB3SpA,Subway,"330 Franklin Rd, Ste 900-d",Brentwood,TN,37027,36.0263631408,-86.7894728157,2.5,14,1,"{'BusinessParking': ""{'garage': False, 'street': False, 'validated': False, 'lot': False, 'valet': False}"", 'OutdoorSeating': 'False', 'RestaurantsTakeOut': 'True', 'RestaurantsPriceRange2': '1', 'DriveThru': 'False', 'GoodForKids': 'True', 'Ambience': ""{'touristy': False, 'hipster': False, 'romantic': False, 'divey': False, 'intimate': False, 'trendy': False, 'upscale': False, 'classy': False, 'casual': False}"", 'BusinessAcceptsCreditCards': 'True', 'RestaurantsAttire': ""u'casual'"", 'GoodForMeal': ""{'dessert': False, 'latenight': False, 'lunch': False, 'dinner': False, 'brunch': False, 'breakfast': False}"", 'HasTV': 'True', 'RestaurantsDelivery': 'True', 'RestaurantsReservations': 'False', 'RestaurantsGoodForGroups': 'True', 'Caters': 'False'}","Sandwiches, Fast Food, Restaurants","{'Monday': '9:0-22:0', 'Tuesday': '9:0-22:0', 'Wednesday': '9:0-22:0', 'Thursday': '9:0-22:0', 'Friday': '9:0-20:0', 'Saturday': '9:0-22:0', 'Sunday': '10:0-22:0'}"
